datetime,count
2011-01-16 00:00:00,49.1
2011-01-16 01:00:00,35.4
2011-01-16 02:00:00,38.4
2011-01-16 03:00:00,13.6
2011-01-16 04:00:00,6.9
2011-01-16 05:00:00,4.3
2011-01-16 06:00:00,4.6
2011-01-16 07:00:00,21.4
2011-01-16 08:00:00,60.2
2011-01-16 09:00:00,91.7
2011-01-16 10:00:00,119.3
2011-01-16 11:00:00,144.4
2011-01-16 12:00:00,185.4
2011-01-16 13:00:00,186.1
2011-01-16 14:00:00,180.1
2011-01-16 15:00:00,190.0
2011-01-16 16:00:00,182.5
2011-01-16 17:00:00,134.2
2011-01-16 18:00:00,114.8
2011-01-16 19:00:00,84.7
2011-01-16 20:00:00,80.9
2011-01-16 21:00:00,61.0
2011-01-16 22:00:00,49.2
2011-01-16 23:00:00,28.6
2011-01-17 00:00:00,46.1
2011-01-17 01:00:00,45.1
2011-01-17 02:00:00,32.5
2011-01-17 03:00:00,14.7
2011-01-17 04:00:00,8.5
2011-01-17 05:00:00,5.0
2011-01-17 06:00:00,11.4
2011-01-17 07:00:00,21.6
2011-01-17 08:00:00,27.4
2011-01-17 09:00:00,47.266666666666666
2011-01-17 10:00:00,115.5
2011-01-17 11:00:00,114.0
2011-01-17 12:00:00,178.1
2011-01-17 13:00:00,182.8
2011-01-17 14:00:00,198.6
2011-01-17 15:00:00,171.2
2011-01-17 16:00:00,145.3
2011-01-17 17:00:00,125.4
2011-01-17 18:00:00,100.6
2011-01-17 19:00:00,94.4
2011-01-17 20:00:00,55.1
2011-01-17 21:00:00,40.7
2011-01-17 22:00:00,37.6
2011-01-17 23:00:00,36.7
2011-01-18 12:00:00,50.9
2011-01-18 13:00:00,56.3
2011-01-18 14:00:00,60.6
2011-01-18 15:00:00,66.8
2011-01-18 16:00:00,76.0
2011-01-18 17:00:00,163.7
2011-01-18 18:00:00,175.0
2011-01-18 19:00:00,133.3
2011-01-18 20:00:00,94.4
2011-01-18 21:00:00,64.9
2011-01-18 22:00:00,55.0
2011-01-18 23:00:00,50.0
2011-01-19 00:00:00,9.4
2011-01-19 01:00:00,4.1
2011-01-19 02:00:00,3.4
2011-01-19 04:00:00,1.5
2011-01-19 05:00:00,10.4
2011-01-19 06:00:00,32.5
2011-01-19 07:00:00,250.2
2011-01-19 08:00:00,384.8
2011-01-19 09:00:00,154.4
2011-01-19 10:00:00,81.9
2011-01-19 11:00:00,96.2
2011-01-19 12:00:00,98.5
2011-01-19 13:00:00,180.21666666666664
2011-01-19 14:00:00,169.56666666666666
2011-01-19 15:00:00,171.11666666666665
2011-01-19 16:00:00,162.3
2011-01-19 17:00:00,238.3
2011-01-19 18:00:00,232.2
2011-01-19 19:00:00,140.6
2011-01-19 20:00:00,141.1
2011-01-19 21:00:00,66.9
2011-01-19 22:00:00,58.6
2011-01-19 23:00:00,29.8
2011-02-16 00:00:00,14.2
2011-02-16 01:00:00,5.8
2011-02-16 03:00:00,2.1
2011-02-16 04:00:00,2.5
2011-02-16 05:00:00,13.6
2011-02-16 06:00:00,53.1
2011-02-16 07:00:00,210.4
2011-02-16 08:00:00,365.8
2011-02-16 09:00:00,203.3
2011-02-16 10:00:00,104.8
2011-02-16 11:00:00,132.2
2011-02-16 12:00:00,113.0
2011-02-16 13:00:00,173.5
2011-02-16 14:00:00,243.8
2011-02-16 15:00:00,243.8
2011-02-16 16:00:00,286.4
2011-02-16 17:00:00,436.5
2011-02-16 18:00:00,440.7
2011-02-16 19:00:00,248.7
2011-02-16 20:00:00,185.6
2011-02-16 21:00:00,162.6
2011-02-16 22:00:00,109.0
2011-02-16 23:00:00,95.3
2011-02-17 00:00:00,38.8
2011-02-17 01:00:00,11.0
2011-02-17 02:00:00,5.6
2011-02-17 03:00:00,3.7
2011-02-17 04:00:00,2.3
2011-02-17 05:00:00,22.2
2011-02-17 06:00:00,96.7
2011-02-17 07:00:00,280.8
2011-02-17 08:00:00,363.4
2011-02-17 09:00:00,241.2
2011-02-17 10:00:00,177.9
2011-02-17 11:00:00,189.9
2011-02-17 12:00:00,211.8
2011-02-17 13:00:00,221.8
2011-02-17 14:00:00,203.6
2011-02-17 15:00:00,239.4
2011-02-17 16:00:00,328.5
2011-02-17 17:00:00,592.4
2011-02-17 18:00:00,556.2
2011-02-17 19:00:00,319.3
2011-02-17 20:00:00,241.0
2011-02-17 21:00:00,239.7
2011-02-17 22:00:00,154.3
2011-02-17 23:00:00,80.6
2011-02-18 00:00:00,43.2
2011-02-18 01:00:00,12.3
2011-02-18 02:00:00,7.9
2011-02-18 03:00:00,3.1
2011-02-18 04:00:00,2.5
2011-02-18 05:00:00,23.2
2011-02-18 06:00:00,115.0
2011-02-18 07:00:00,214.0
2011-02-18 08:00:00,237.0
2011-02-18 09:00:00,200.0
2011-02-18 10:00:00,118.0
2011-02-18 11:00:00,152.1
2011-02-18 12:00:00,240.2
2011-02-18 13:00:00,212.4
2011-02-18 14:00:00,250.7
2011-02-18 15:00:00,240.1
2011-02-18 16:00:00,378.0
2011-02-18 17:00:00,706.2
2011-02-18 18:00:00,686.0
2011-02-18 19:00:00,367.3
2011-02-18 20:00:00,358.7
2011-02-18 21:00:00,209.1
2011-02-18 22:00:00,178.3
2011-02-18 23:00:00,92.9
2011-02-19 00:00:00,57.8
2011-02-19 01:00:00,54.9
2011-02-19 02:00:00,39.1
2011-02-19 03:00:00,27.0
2011-02-19 04:00:00,9.2
2011-02-19 05:00:00,8.0
2011-02-19 06:00:00,12.6
2011-02-19 07:00:00,116.5
2011-02-19 08:00:00,187.4
2011-02-19 09:00:00,207.1
2011-02-19 10:00:00,237.0
2011-02-19 11:00:00,291.0
2011-02-19 12:00:00,291.0
2011-02-19 13:00:00,289.9
2011-02-19 14:00:00,298.5
2011-02-19 15:00:00,278.9
2011-02-19 16:00:00,267.8
2011-02-19 17:00:00,219.0
2011-02-19 18:00:00,230.9
2011-02-19 19:00:00,163.0
2011-02-19 20:00:00,65.0
2011-02-19 21:00:00,54.5
2011-02-19 22:00:00,45.6
2011-02-19 23:00:00,46.7
2011-03-16 00:00:00,9.1
2011-03-16 01:00:00,8.0
2011-03-16 03:00:00,2.7
2011-03-16 04:00:00,2.4
2011-03-16 05:00:00,22.7
2011-03-16 06:00:00,88.9
2011-03-16 07:00:00,198.9
2011-03-16 08:00:00,200.7
2011-03-16 09:00:00,138.1
2011-03-16 10:00:00,111.2
2011-03-16 11:00:00,112.8
2011-03-16 12:00:00,87.0
2011-03-16 13:00:00,89.3
2011-03-16 14:00:00,114.9
2011-03-16 15:00:00,106.2
2011-03-16 16:00:00,127.7
2011-03-16 17:00:00,275.7
2011-03-16 18:00:00,274.5
2011-03-16 19:00:00,190.7
2011-03-16 20:00:00,155.3
2011-03-16 21:00:00,111.4
2011-03-16 22:00:00,88.8
2011-03-16 23:00:00,69.2
2011-03-17 00:00:00,27.0
2011-03-17 01:00:00,8.5
2011-03-17 02:00:00,4.4
2011-03-17 03:00:00,3.2
2011-03-17 04:00:00,2.5
2011-03-17 05:00:00,20.6
2011-03-17 06:00:00,88.7
2011-03-17 07:00:00,287.0
2011-03-17 08:00:00,396.6
2011-03-17 09:00:00,295.5
2011-03-17 10:00:00,145.5
2011-03-17 11:00:00,159.8
2011-03-17 12:00:00,215.0
2011-03-17 13:00:00,215.6
2011-03-17 14:00:00,184.6
2011-03-17 15:00:00,204.5
2011-03-17 16:00:00,278.4
2011-03-17 17:00:00,503.1
2011-03-17 18:00:00,325.7
2011-03-17 19:00:00,320.0
2011-03-17 20:00:00,170.5
2011-03-17 21:00:00,182.8
2011-03-17 22:00:00,116.6
2011-03-17 23:00:00,82.0
2011-03-18 00:00:00,38.3
2011-03-18 01:00:00,11.8
2011-03-18 02:00:00,8.3
2011-03-18 03:00:00,3.1
2011-03-18 05:00:00,25.4
2011-03-18 06:00:00,93.8
2011-03-18 07:00:00,272.8
2011-03-18 08:00:00,413.0
2011-03-18 09:00:00,244.0
2011-03-18 10:00:00,149.2
2011-03-18 11:00:00,216.1
2011-03-18 12:00:00,231.4
2011-03-18 13:00:00,235.9
2011-03-18 14:00:00,274.7
2011-03-18 15:00:00,290.4
2011-03-18 16:00:00,332.4
2011-03-18 17:00:00,646.6
2011-03-18 18:00:00,713.3
2011-03-18 19:00:00,473.4
2011-03-18 20:00:00,358.4
2011-03-18 21:00:00,286.1
2011-03-18 22:00:00,201.8
2011-03-18 23:00:00,112.3
2011-03-19 00:00:00,101.5
2011-03-19 01:00:00,91.7
2011-03-19 02:00:00,74.5
2011-03-19 03:00:00,31.7
2011-03-19 04:00:00,16.0
2011-03-19 05:00:00,15.1
2011-03-19 06:00:00,12.2
2011-03-19 07:00:00,109.0
2011-03-19 08:00:00,218.6
2011-03-19 09:00:00,172.0
2011-03-19 10:00:00,245.4
2011-03-19 11:00:00,262.6
2011-03-19 12:00:00,238.0
2011-03-19 13:00:00,408.4
2011-03-19 14:00:00,420.9
2011-03-19 15:00:00,416.2
2011-03-19 16:00:00,445.7
2011-03-19 17:00:00,207.4
2011-03-19 18:00:00,251.0
2011-03-19 19:00:00,185.9
2011-03-19 20:00:00,118.2
2011-03-19 21:00:00,81.7
2011-03-19 22:00:00,59.8
2011-03-19 23:00:00,72.2
2011-04-16 00:00:00,67.3
2011-04-16 01:00:00,52.7
2011-04-16 02:00:00,78.1
2011-04-16 03:00:00,19.8
2011-04-16 04:00:00,6.1
2011-04-16 05:00:00,4.9
2011-04-16 06:00:00,30.3
2011-04-16 07:00:00,63.8
2011-04-16 08:00:00,90.3
2011-04-16 09:00:00,84.7
2011-04-16 10:00:00,109.5
2011-04-16 11:00:00,125.0
2011-04-16 12:00:00,309.5
2011-04-16 13:00:00,166.9
2011-04-16 14:00:00,324.1
2011-04-16 15:00:00,332.0
2011-04-16 16:00:00,316.3
2011-04-16 17:00:00,292.2
2011-04-16 18:00:00,351.0
2011-04-16 19:00:00,264.0
2011-04-16 20:00:00,94.0
2011-04-16 21:00:00,119.8
2011-04-16 22:00:00,113.6
2011-04-16 23:00:00,81.3
2011-04-17 00:00:00,81.4
2011-04-17 01:00:00,58.4
2011-04-17 02:00:00,57.9
2011-04-17 03:00:00,24.0
2011-04-17 04:00:00,13.3
2011-04-17 05:00:00,8.3
2011-04-17 06:00:00,25.6
2011-04-17 07:00:00,43.3
2011-04-17 08:00:00,184.7
2011-04-17 09:00:00,245.3
2011-04-17 10:00:00,250.8
2011-04-17 11:00:00,329.6
2011-04-17 12:00:00,374.4
2011-04-17 13:00:00,442.8
2011-04-17 14:00:00,449.6
2011-04-17 15:00:00,450.2
2011-04-17 16:00:00,504.5
2011-04-17 17:00:00,439.0
2011-04-17 18:00:00,421.4
2011-04-17 19:00:00,379.3
2011-04-17 20:00:00,217.5
2011-04-17 21:00:00,173.2
2011-04-17 22:00:00,194.5
2011-04-17 23:00:00,95.7
2011-04-18 00:00:00,48.3
2011-04-18 01:00:00,26.9
2011-04-18 02:00:00,11.2
2011-04-18 03:00:00,5.2
2011-04-18 04:00:00,3.8
2011-04-18 05:00:00,23.8
2011-04-18 06:00:00,97.9
2011-04-18 07:00:00,288.9
2011-04-18 08:00:00,618.9
2011-04-18 09:00:00,294.6
2011-04-18 10:00:00,165.3
2011-04-18 11:00:00,188.9
2011-04-18 12:00:00,247.1
2011-04-18 13:00:00,225.4
2011-04-18 14:00:00,211.0
2011-04-18 15:00:00,247.7
2011-04-18 16:00:00,394.5
2011-04-18 17:00:00,616.6
2011-04-18 18:00:00,703.1
2011-04-18 19:00:00,502.1
2011-04-18 20:00:00,404.5
2011-04-18 21:00:00,270.3
2011-04-18 22:00:00,144.0
2011-04-18 23:00:00,78.8
2011-04-19 00:00:00,39.5
2011-04-19 01:00:00,14.2
2011-04-19 02:00:00,12.0
2011-04-19 03:00:00,3.4
2011-04-19 04:00:00,5.6
2011-04-19 05:00:00,26.2
2011-04-19 06:00:00,142.5
2011-04-19 07:00:00,346.2
2011-04-19 08:00:00,557.9
2011-04-19 09:00:00,158.1
2011-04-19 10:00:00,118.5
2011-04-19 11:00:00,188.1
2011-04-19 12:00:00,212.1
2011-04-19 13:00:00,227.7
2011-04-19 14:00:00,233.8
2011-04-19 15:00:00,229.9
2011-04-19 16:00:00,387.7
2011-04-19 17:00:00,593.6
2011-04-19 18:00:00,691.6
2011-04-19 19:00:00,453.6
2011-04-19 20:00:00,300.1
2011-04-19 21:00:00,189.9
2011-04-19 22:00:00,139.8
2011-04-19 23:00:00,87.2
2011-05-16 00:00:00,36.2
2011-05-16 01:00:00,16.4
2011-05-16 02:00:00,7.7
2011-05-16 03:00:00,3.8
2011-05-16 04:00:00,3.6
2011-05-16 05:00:00,20.4
2011-05-16 06:00:00,114.0
2011-05-16 07:00:00,480.0
2011-05-16 08:00:00,619.0
2011-05-16 09:00:00,283.8
2011-05-16 10:00:00,207.7
2011-05-16 11:00:00,233.7
2011-05-16 12:00:00,254.2
2011-05-16 13:00:00,271.3
2011-05-16 14:00:00,250.0
2011-05-16 15:00:00,224.6
2011-05-16 16:00:00,255.1
2011-05-16 17:00:00,283.3
2011-05-16 18:00:00,252.1
2011-05-16 19:00:00,318.2
2011-05-16 20:00:00,228.2
2011-05-16 21:00:00,198.0
2011-05-16 22:00:00,156.2
2011-05-16 23:00:00,149.2
2011-05-17 00:00:00,34.8
2011-05-17 01:00:00,12.7
2011-05-17 02:00:00,4.9
2011-05-17 03:00:00,3.2
2011-05-17 04:00:00,4.4
2011-05-17 05:00:00,9.6
2011-05-17 06:00:00,43.0
2011-05-17 07:00:00,231.7
2011-05-17 08:00:00,533.675
2011-05-17 09:00:00,293.7
2011-05-17 10:00:00,69.6
2011-05-17 11:00:00,100.9
2011-05-17 12:00:00,96.7
2011-05-17 13:00:00,185.8
2011-05-17 14:00:00,148.3
2011-05-17 15:00:00,151.1
2011-05-17 16:00:00,276.3
2011-05-17 17:00:00,587.1
2011-05-17 18:00:00,618.7
2011-05-17 19:00:00,426.3
2011-05-17 20:00:00,268.8
2011-05-17 21:00:00,194.5
2011-05-17 22:00:00,136.7
2011-05-17 23:00:00,76.1
2011-05-18 00:00:00,32.7
2011-05-18 01:00:00,15.8
2011-05-18 02:00:00,4.8
2011-05-18 03:00:00,3.2
2011-05-18 04:00:00,3.7
2011-05-18 05:00:00,15.4
2011-05-18 06:00:00,93.0
2011-05-18 07:00:00,383.2
2011-05-18 08:00:00,459.2
2011-05-18 09:00:00,149.4
2011-05-18 10:00:00,76.6
2011-05-18 11:00:00,94.0
2011-05-18 12:00:00,151.3
2011-05-18 13:00:00,182.2
2011-05-18 14:00:00,192.9
2011-05-18 15:00:00,197.1
2011-05-18 16:00:00,326.7
2011-05-18 17:00:00,683.9
2011-05-18 18:00:00,733.4
2011-05-18 19:00:00,218.8
2011-05-18 20:00:00,148.0
2011-05-18 21:00:00,169.2
2011-05-18 22:00:00,166.9
2011-05-18 23:00:00,105.2
2011-05-19 00:00:00,36.2
2011-05-19 01:00:00,14.8
2011-05-19 02:00:00,8.1
2011-05-19 03:00:00,5.466666666666667
2011-05-19 04:00:00,6.4
2011-05-19 05:00:00,25.8
2011-05-19 06:00:00,143.86666666666665
2011-05-19 07:00:00,371.5
2011-05-19 08:00:00,637.4
2011-05-19 09:00:00,334.5
2011-05-19 10:00:00,138.0
2011-05-19 11:00:00,72.2
2011-05-19 12:00:00,223.9
2011-05-19 13:00:00,220.4
2011-05-19 14:00:00,146.3
2011-05-19 15:00:00,214.9
2011-05-19 16:00:00,322.9
2011-05-19 17:00:00,618.9
2011-05-19 18:00:00,723.2
2011-05-19 19:00:00,418.7
2011-05-19 20:00:00,342.4
2011-05-19 21:00:00,238.4
2011-05-19 22:00:00,107.7
2011-05-19 23:00:00,105.6
2011-06-16 00:00:00,49.2
2011-06-16 01:00:00,22.6
2011-06-16 02:00:00,13.2
2011-06-16 03:00:00,6.5
2011-06-16 04:00:00,6.7
2011-06-16 05:00:00,27.1
2011-06-16 06:00:00,102.1
2011-06-16 07:00:00,297.0
2011-06-16 08:00:00,587.0
2011-06-16 09:00:00,346.9
2011-06-16 10:00:00,175.4
2011-06-16 11:00:00,212.6
2011-06-16 12:00:00,256.4
2011-06-16 13:00:00,241.7
2011-06-16 14:00:00,211.3
2011-06-16 15:00:00,279.0
2011-06-16 16:00:00,266.2
2011-06-16 17:00:00,542.2
2011-06-16 18:00:00,389.2
2011-06-16 19:00:00,298.3
2011-06-16 20:00:00,249.8
2011-06-16 21:00:00,133.0
2011-06-16 22:00:00,96.7
2011-06-16 23:00:00,103.7
2011-06-17 00:00:00,40.1
2011-06-17 01:00:00,16.9
2011-06-17 02:00:00,7.1
2011-06-17 03:00:00,6.4
2011-06-17 04:00:00,5.0
2011-06-17 05:00:00,25.1
2011-06-17 06:00:00,124.9
2011-06-17 07:00:00,339.35
2011-06-17 08:00:00,575.3
2011-06-17 09:00:00,209.5
2011-06-17 10:00:00,179.2
2011-06-17 11:00:00,204.6
2011-06-17 12:00:00,268.0
2011-06-17 13:00:00,235.8
2011-06-17 14:00:00,211.4
2011-06-17 15:00:00,241.5
2011-06-17 16:00:00,418.5
2011-06-17 17:00:00,676.1
2011-06-17 18:00:00,666.1
2011-06-17 19:00:00,166.9
2011-06-17 20:00:00,293.0
2011-06-17 21:00:00,233.5
2011-06-17 22:00:00,203.9
2011-06-17 23:00:00,95.5
2011-06-18 00:00:00,116.1
2011-06-18 01:00:00,93.3
2011-06-18 02:00:00,65.9
2011-06-18 03:00:00,34.0
2011-06-18 04:00:00,12.4
2011-06-18 05:00:00,14.4
2011-06-18 06:00:00,26.1
2011-06-18 07:00:00,47.05
2011-06-18 08:00:00,99.7
2011-06-18 09:00:00,275.3
2011-06-18 10:00:00,346.4
2011-06-18 11:00:00,394.7
2011-06-18 12:00:00,428.4
2011-06-18 13:00:00,452.8
2011-06-18 14:00:00,483.4
2011-06-18 15:00:00,504.8
2011-06-18 16:00:00,425.2
2011-06-18 17:00:00,393.7
2011-06-18 18:00:00,372.4
2011-06-18 19:00:00,330.0
2011-06-18 20:00:00,269.4
2011-06-18 21:00:00,224.0
2011-06-18 22:00:00,154.3
2011-06-18 23:00:00,141.0
2011-06-19 00:00:00,147.2
2011-06-19 01:00:00,100.0
2011-06-19 02:00:00,78.8
2011-06-19 03:00:00,31.7
2011-06-19 04:00:00,9.1
2011-06-19 05:00:00,10.6
2011-06-19 06:00:00,33.7
2011-06-19 07:00:00,42.35
2011-06-19 08:00:00,105.7
2011-06-19 09:00:00,210.3
2011-06-19 10:00:00,371.8
2011-06-19 11:00:00,491.6
2011-06-19 12:00:00,451.9
2011-06-19 13:00:00,450.4
2011-06-19 14:00:00,451.3
2011-06-19 15:00:00,421.6
2011-06-19 16:00:00,462.4
2011-06-19 17:00:00,408.3
2011-06-19 18:00:00,393.7
2011-06-19 19:00:00,268.7
2011-06-19 20:00:00,279.4
2011-06-19 21:00:00,216.6
2011-06-19 22:00:00,187.6
2011-06-19 23:00:00,101.2
2011-07-16 00:00:00,133.8
2011-07-16 01:00:00,108.9
2011-07-16 02:00:00,87.3
2011-07-16 03:00:00,35.5
2011-07-16 04:00:00,10.5
2011-07-16 05:00:00,27.3
2011-07-16 06:00:00,22.6
2011-07-16 07:00:00,41.3
2011-07-16 08:00:00,120.0
2011-07-16 09:00:00,204.5
2011-07-16 10:00:00,355.6
2011-07-16 11:00:00,456.0
2011-07-16 12:00:00,482.2
2011-07-16 13:00:00,459.6
2011-07-16 14:00:00,467.6
2011-07-16 15:00:00,515.6
2011-07-16 16:00:00,495.3
2011-07-16 17:00:00,452.7
2011-07-16 18:00:00,452.2
2011-07-16 19:00:00,379.1
2011-07-16 20:00:00,285.4
2011-07-16 21:00:00,219.5
2011-07-16 22:00:00,213.5
2011-07-16 23:00:00,165.2
2011-07-17 00:00:00,148.3
2011-07-17 01:00:00,104.7
2011-07-17 02:00:00,59.1
2011-07-17 03:00:00,37.9
2011-07-17 04:00:00,9.2
2011-07-17 05:00:00,13.3
2011-07-17 06:00:00,25.3
2011-07-17 07:00:00,45.3
2011-07-17 08:00:00,128.5
2011-07-17 09:00:00,240.1
2011-07-17 10:00:00,331.8
2011-07-17 11:00:00,392.0
2011-07-17 12:00:00,417.5
2011-07-17 13:00:00,483.2
2011-07-17 14:00:00,556.1
2011-07-17 15:00:00,519.4
2011-07-17 16:00:00,460.0
2011-07-17 17:00:00,397.3
2011-07-17 18:00:00,408.3
2011-07-17 19:00:00,311.7
2011-07-17 20:00:00,299.1
2011-07-17 21:00:00,222.9
2011-07-17 22:00:00,199.4
2011-07-17 23:00:00,110.6
2011-07-18 00:00:00,54.9
2011-07-18 01:00:00,25.0
2011-07-18 02:00:00,11.0
2011-07-18 03:00:00,5.3
2011-07-18 04:00:00,5.8
2011-07-18 05:00:00,37.5
2011-07-18 06:00:00,147.4
2011-07-18 07:00:00,391.5
2011-07-18 08:00:00,620.7
2011-07-18 09:00:00,307.2
2011-07-18 10:00:00,191.3
2011-07-18 11:00:00,220.5
2011-07-18 12:00:00,292.9
2011-07-18 13:00:00,223.5
2011-07-18 14:00:00,183.2
2011-07-18 15:00:00,166.7
2011-07-18 16:00:00,270.4
2011-07-18 17:00:00,651.2
2011-07-18 18:00:00,674.0
2011-07-18 19:00:00,466.8
2011-07-18 20:00:00,322.5
2011-07-18 21:00:00,293.7
2011-07-18 22:00:00,162.0
2011-07-18 23:00:00,105.1
2011-07-19 00:00:00,67.4
2011-07-19 01:00:00,15.8
2011-07-19 02:00:00,15.4
2011-07-19 03:00:00,5.2
2011-07-19 04:00:00,7.4
2011-07-19 05:00:00,29.725
2011-07-19 06:00:00,117.2
2011-07-19 07:00:00,353.2
2011-07-19 08:00:00,485.4
2011-07-19 09:00:00,241.7
2011-07-19 10:00:00,168.8
2011-07-19 11:00:00,204.7
2011-07-19 12:00:00,176.7
2011-07-19 13:00:00,178.2
2011-07-19 14:00:00,172.2
2011-07-19 15:00:00,254.5
2011-07-19 16:00:00,287.7
2011-07-19 17:00:00,649.2
2011-07-19 18:00:00,608.6
2011-07-19 19:00:00,515.7
2011-07-19 20:00:00,360.1
2011-07-19 21:00:00,298.6
2011-07-19 22:00:00,209.0
2011-07-19 23:00:00,97.0
2011-08-16 00:00:00,50.7
2011-08-16 01:00:00,18.6
2011-08-16 02:00:00,14.4
2011-08-16 03:00:00,6.9
2011-08-16 04:00:00,6.6
2011-08-16 05:00:00,37.9
2011-08-16 06:00:00,117.9
2011-08-16 07:00:00,360.3
2011-08-16 08:00:00,494.7
2011-08-16 09:00:00,264.0
2011-08-16 10:00:00,179.2
2011-08-16 11:00:00,190.2
2011-08-16 12:00:00,215.8
2011-08-16 13:00:00,198.3
2011-08-16 14:00:00,244.6
2011-08-16 15:00:00,229.3
2011-08-16 16:00:00,428.9
2011-08-16 17:00:00,549.3
2011-08-16 18:00:00,749.5
2011-08-16 19:00:00,580.8399999999999
2011-08-16 20:00:00,409.7
2011-08-16 21:00:00,319.6
2011-08-16 22:00:00,169.8
2011-08-16 23:00:00,133.3
2011-08-17 00:00:00,64.3
2011-08-17 01:00:00,19.2
2011-08-17 02:00:00,14.9
2011-08-17 03:00:00,5.0
2011-08-17 04:00:00,6.6
2011-08-17 05:00:00,33.5
2011-08-17 06:00:00,159.3
2011-08-17 07:00:00,308.5
2011-08-17 08:00:00,533.4
2011-08-17 09:00:00,263.475
2011-08-17 10:00:00,189.8
2011-08-17 11:00:00,211.4
2011-08-17 12:00:00,188.2
2011-08-17 13:00:00,261.2
2011-08-17 14:00:00,264.0
2011-08-17 15:00:00,255.5
2011-08-17 16:00:00,435.7
2011-08-17 17:00:00,809.0
2011-08-17 18:00:00,556.9
2011-08-17 19:00:00,534.54
2011-08-17 20:00:00,406.9
2011-08-17 21:00:00,332.9
2011-08-17 22:00:00,186.5
2011-08-17 23:00:00,140.04285714285714
2011-08-18 00:00:00,43.8
2011-08-18 01:00:00,20.3
2011-08-18 02:00:00,12.6
2011-08-18 03:00:00,6.2
2011-08-18 04:00:00,5.5
2011-08-18 05:00:00,36.15
2011-08-18 06:00:00,148.1
2011-08-18 07:00:00,438.5
2011-08-18 08:00:00,552.8
2011-08-18 09:00:00,318.2
2011-08-18 10:00:00,181.4
2011-08-18 11:00:00,182.9
2011-08-18 12:00:00,254.0
2011-08-18 13:00:00,270.1
2011-08-18 14:00:00,182.5
2011-08-18 15:00:00,245.6
2011-08-18 16:00:00,385.0
2011-08-18 17:00:00,711.9
2011-08-18 18:00:00,600.6
2011-08-18 19:00:00,270.0
2011-08-18 20:00:00,209.6
2011-08-18 21:00:00,225.8
2011-08-18 22:00:00,181.7
2011-08-18 23:00:00,120.5
2011-08-19 00:00:00,57.9
2011-08-19 01:00:00,14.7
2011-08-19 02:00:00,7.4
2011-08-19 03:00:00,5.0
2011-08-19 04:00:00,5.8
2011-08-19 05:00:00,33.0
2011-08-19 06:00:00,157.8
2011-08-19 07:00:00,261.7
2011-08-19 08:00:00,635.2
2011-08-19 09:00:00,278.0
2011-08-19 10:00:00,204.4
2011-08-19 11:00:00,206.4
2011-08-19 12:00:00,213.3
2011-08-19 13:00:00,208.2
2011-08-19 14:00:00,197.6
2011-08-19 15:00:00,241.3
2011-08-19 16:00:00,311.0
2011-08-19 17:00:00,612.5
2011-08-19 18:00:00,628.6
2011-08-19 19:00:00,328.3
2011-08-19 20:00:00,111.8
2011-08-19 21:00:00,229.9
2011-08-19 22:00:00,209.4
2011-08-19 23:00:00,95.9
2011-09-16 00:00:00,28.0
2011-09-16 01:00:00,21.5
2011-09-16 02:00:00,4.4
2011-09-16 03:00:00,4.6
2011-09-16 04:00:00,4.0
2011-09-16 05:00:00,27.35
2011-09-16 06:00:00,115.0
2011-09-16 07:00:00,318.8
2011-09-16 08:00:00,440.6
2011-09-16 09:00:00,234.3
2011-09-16 10:00:00,136.0
2011-09-16 11:00:00,165.8
2011-09-16 12:00:00,237.6
2011-09-16 13:00:00,226.1
2011-09-16 14:00:00,222.0
2011-09-16 15:00:00,252.7
2011-09-16 16:00:00,338.96
2011-09-16 17:00:00,742.0
2011-09-16 18:00:00,723.3
2011-09-16 19:00:00,450.0
2011-09-16 20:00:00,257.6
2011-09-16 21:00:00,200.0
2011-09-16 22:00:00,131.7
2011-09-16 23:00:00,90.4
2011-09-17 00:00:00,87.5
2011-09-17 01:00:00,61.0
2011-09-17 02:00:00,51.7
2011-09-17 03:00:00,25.9
2011-09-17 04:00:00,10.1
2011-09-17 05:00:00,14.7
2011-09-17 06:00:00,23.6
2011-09-17 07:00:00,29.8
2011-09-17 08:00:00,73.0
2011-09-17 09:00:00,213.1
2011-09-17 10:00:00,284.8
2011-09-17 11:00:00,320.8
2011-09-17 12:00:00,320.8
2011-09-17 13:00:00,311.6
2011-09-17 14:00:00,289.8
2011-09-17 15:00:00,295.7
2011-09-17 16:00:00,380.9
2011-09-17 17:00:00,440.4
2011-09-17 18:00:00,341.4
2011-09-17 19:00:00,290.1
2011-09-17 20:00:00,206.8
2011-09-17 21:00:00,163.7
2011-09-17 22:00:00,124.7
2011-09-17 23:00:00,80.8
2011-09-18 00:00:00,85.5
2011-09-18 01:00:00,66.1
2011-09-18 02:00:00,46.5
2011-09-18 03:00:00,19.3
2011-09-18 04:00:00,14.0
2011-09-18 05:00:00,24.7
2011-09-18 06:00:00,21.5
2011-09-18 07:00:00,63.5
2011-09-18 08:00:00,132.3
2011-09-18 09:00:00,199.2
2011-09-18 10:00:00,277.0
2011-09-18 11:00:00,335.1
2011-09-18 12:00:00,335.8
2011-09-18 13:00:00,506.9
2011-09-18 14:00:00,552.8
2011-09-18 15:00:00,556.3
2011-09-18 16:00:00,410.0
2011-09-18 17:00:00,481.2
2011-09-18 18:00:00,349.0
2011-09-18 19:00:00,298.2
2011-09-18 20:00:00,275.6
2011-09-18 21:00:00,236.7
2011-09-18 22:00:00,190.1
2011-09-18 23:00:00,115.5
2011-09-19 00:00:00,55.2
2011-09-19 01:00:00,17.9
2011-09-19 02:00:00,8.5
2011-09-19 03:00:00,6.1
2011-09-19 04:00:00,7.8
2011-09-19 05:00:00,36.6
2011-09-19 06:00:00,179.8
2011-09-19 07:00:00,305.9
2011-09-19 08:00:00,617.8
2011-09-19 09:00:00,293.96666666666664
2011-09-19 10:00:00,169.0
2011-09-19 11:00:00,154.6
2011-09-19 12:00:00,270.3
2011-09-19 13:00:00,249.3
2011-09-19 14:00:00,216.4
2011-09-19 15:00:00,236.9
2011-09-19 16:00:00,361.3
2011-09-19 17:00:00,648.8
2011-09-19 18:00:00,694.5
2011-09-19 19:00:00,408.4
2011-09-19 20:00:00,331.9
2011-09-19 21:00:00,272.3
2011-09-19 22:00:00,176.6
2011-09-19 23:00:00,93.9
2011-10-16 00:00:00,111.9
2011-10-16 01:00:00,131.0
2011-10-16 02:00:00,60.8
2011-10-16 03:00:00,26.0
2011-10-16 04:00:00,7.8
2011-10-16 05:00:00,8.2
2011-10-16 06:00:00,28.4
2011-10-16 07:00:00,75.7
2011-10-16 08:00:00,110.5
2011-10-16 09:00:00,237.7333333333333
2011-10-16 10:00:00,400.2
2011-10-16 11:00:00,412.5
2011-10-16 12:00:00,576.6
2011-10-16 13:00:00,519.2
2011-10-16 14:00:00,512.0
2011-10-16 15:00:00,554.9
2011-10-16 16:00:00,485.7
2011-10-16 17:00:00,465.4
2011-10-16 18:00:00,478.4
2011-10-16 19:00:00,307.1
2011-10-16 20:00:00,243.3
2011-10-16 21:00:00,215.9
2011-10-16 22:00:00,146.4
2011-10-16 23:00:00,93.6
2011-10-17 00:00:00,38.1
2011-10-17 01:00:00,21.2
2011-10-17 02:00:00,12.8
2011-10-17 03:00:00,7.8
2011-10-17 04:00:00,7.7
2011-10-17 05:00:00,30.1
2011-10-17 06:00:00,145.4
2011-10-17 07:00:00,376.3
2011-10-17 08:00:00,457.4
2011-10-17 09:00:00,312.9
2011-10-17 10:00:00,155.8
2011-10-17 11:00:00,202.9
2011-10-17 12:00:00,200.7
2011-10-17 13:00:00,203.4
2011-10-17 14:00:00,194.5
2011-10-17 15:00:00,203.4
2011-10-17 16:00:00,341.3
2011-10-17 17:00:00,608.5
2011-10-17 18:00:00,494.7
2011-10-17 19:00:00,422.8
2011-10-17 20:00:00,255.5
2011-10-17 21:00:00,180.6
2011-10-17 22:00:00,160.4
2011-10-17 23:00:00,101.9
2011-10-18 00:00:00,52.2
2011-10-18 01:00:00,14.9
2011-10-18 02:00:00,8.2
2011-10-18 03:00:00,6.4
2011-10-18 04:00:00,7.6
2011-10-18 05:00:00,34.6
2011-10-18 06:00:00,187.9
2011-10-18 07:00:00,460.1
2011-10-18 08:00:00,666.7
2011-10-18 09:00:00,261.5
2011-10-18 10:00:00,179.0
2011-10-18 11:00:00,248.4
2011-10-18 12:00:00,317.7
2011-10-18 13:00:00,267.4
2011-10-18 14:00:00,315.4
2011-10-18 15:00:00,225.6
2011-10-18 16:00:00,342.9
2011-10-18 17:00:00,686.7
2011-10-18 18:00:00,568.5
2011-10-18 19:00:00,388.2
2011-10-18 20:00:00,279.6
2011-10-18 21:00:00,251.0
2011-10-18 22:00:00,188.5
2011-10-18 23:00:00,90.2
2011-10-19 00:00:00,30.2
2011-10-19 01:00:00,10.6
2011-10-19 02:00:00,7.8
2011-10-19 04:00:00,2.6
2011-10-19 05:00:00,7.5
2011-10-19 06:00:00,106.2
2011-10-19 07:00:00,250.5
2011-10-19 08:00:00,532.3
2011-10-19 09:00:00,101.8
2011-10-19 10:00:00,104.5
2011-10-19 11:00:00,92.5
2011-10-19 12:00:00,95.3
2011-10-19 13:00:00,163.7
2011-10-19 14:00:00,95.4
2011-10-19 15:00:00,64.5
2011-10-19 16:00:00,173.7
2011-10-19 17:00:00,318.2
2011-10-19 18:00:00,269.4
2011-10-19 19:00:00,316.4
2011-10-19 20:00:00,139.1
2011-10-19 21:00:00,204.6
2011-10-19 22:00:00,169.2
2011-10-19 23:00:00,81.6
2011-11-16 00:00:00,32.25
2011-11-16 01:00:00,9.2
2011-11-16 02:00:00,7.6
2011-11-16 03:00:00,4.7
2011-11-16 04:00:00,5.2
2011-11-16 05:00:00,13.8
2011-11-16 06:00:00,160.3
2011-11-16 07:00:00,283.5
2011-11-16 08:00:00,375.0
2011-11-16 09:00:00,171.6
2011-11-16 10:00:00,120.1
2011-11-16 11:00:00,125.7
2011-11-16 12:00:00,57.2
2011-11-16 13:00:00,122.2
2011-11-16 14:00:00,160.1
2011-11-16 15:00:00,118.0
2011-11-16 16:00:00,256.4
2011-11-16 17:00:00,498.4
2011-11-16 18:00:00,275.4
2011-11-16 19:00:00,160.9
2011-11-16 20:00:00,148.5
2011-11-16 21:00:00,149.5
2011-11-16 22:00:00,77.3
2011-11-16 23:00:00,65.4
2011-11-17 00:00:00,27.5
2011-11-17 01:00:00,12.7
2011-11-17 02:00:00,6.6
2011-11-17 03:00:00,7.1
2011-11-17 04:00:00,7.2
2011-11-17 05:00:00,37.6
2011-11-17 06:00:00,82.2
2011-11-17 07:00:00,247.8
2011-11-17 08:00:00,509.0
2011-11-17 09:00:00,310.3
2011-11-17 10:00:00,141.43333333333334
2011-11-17 11:00:00,120.3
2011-11-17 12:00:00,184.3
2011-11-17 13:00:00,195.4
2011-11-17 14:00:00,190.2
2011-11-17 15:00:00,222.0
2011-11-17 16:00:00,319.9
2011-11-17 17:00:00,494.9
2011-11-17 18:00:00,468.3
2011-11-17 19:00:00,359.3
2011-11-17 20:00:00,246.1
2011-11-17 21:00:00,160.8
2011-11-17 22:00:00,120.1
2011-11-17 23:00:00,97.1
2011-11-18 00:00:00,29.4
2011-11-18 01:00:00,14.0
2011-11-18 02:00:00,9.1
2011-11-18 03:00:00,7.6
2011-11-18 04:00:00,10.4
2011-11-18 05:00:00,32.6
2011-11-18 06:00:00,109.4
2011-11-18 07:00:00,379.1
2011-11-18 08:00:00,508.3
2011-11-18 09:00:00,323.9
2011-11-18 10:00:00,188.3
2011-11-18 11:00:00,226.0
2011-11-18 12:00:00,250.1
2011-11-18 13:00:00,226.3
2011-11-18 14:00:00,221.9
2011-11-18 15:00:00,261.5
2011-11-18 16:00:00,310.6
2011-11-18 17:00:00,487.1
2011-11-18 18:00:00,495.2
2011-11-18 19:00:00,302.6
2011-11-18 20:00:00,213.3
2011-11-18 21:00:00,173.1
2011-11-18 22:00:00,142.6
2011-11-18 23:00:00,85.5
2011-11-19 00:00:00,67.6
2011-11-19 01:00:00,80.5
2011-11-19 02:00:00,45.1
2011-11-19 03:00:00,15.3
2011-11-19 04:00:00,5.1
2011-11-19 05:00:00,3.1
2011-11-19 06:00:00,20.4
2011-11-19 07:00:00,34.5
2011-11-19 08:00:00,124.8
2011-11-19 09:00:00,147.3
2011-11-19 10:00:00,235.6
2011-11-19 11:00:00,363.1
2011-11-19 12:00:00,405.5
2011-11-19 13:00:00,425.4
2011-11-19 14:00:00,404.9
2011-11-19 15:00:00,431.4
2011-11-19 16:00:00,404.1
2011-11-19 17:00:00,337.9
2011-11-19 18:00:00,251.6
2011-11-19 19:00:00,251.9
2011-11-19 20:00:00,171.5
2011-11-19 21:00:00,158.1
2011-11-19 22:00:00,151.2
2011-11-19 23:00:00,101.8
2011-12-16 00:00:00,43.4
2011-12-16 01:00:00,13.8
2011-12-16 02:00:00,7.5
2011-12-16 03:00:00,5.8
2011-12-16 04:00:00,7.0
2011-12-16 05:00:00,36.3
2011-12-16 06:00:00,121.3
2011-12-16 07:00:00,428.4
2011-12-16 08:00:00,690.0
2011-12-16 09:00:00,307.5
2011-12-16 10:00:00,155.2
2011-12-16 11:00:00,190.9
2011-12-16 12:00:00,189.5
2011-12-16 13:00:00,204.1
2011-12-16 14:00:00,194.0
2011-12-16 15:00:00,193.1
2011-12-16 16:00:00,294.9
2011-12-16 17:00:00,569.8047619047619
2011-12-16 18:00:00,518.0
2011-12-16 19:00:00,367.8
2011-12-16 20:00:00,172.2
2011-12-16 21:00:00,149.4
2011-12-16 22:00:00,121.3
2011-12-16 23:00:00,73.2
2011-12-17 00:00:00,62.5
2011-12-17 01:00:00,90.0
2011-12-17 02:00:00,47.9
2011-12-17 03:00:00,18.9
2011-12-17 04:00:00,11.8
2011-12-17 05:00:00,5.0
2011-12-17 06:00:00,18.6
2011-12-17 07:00:00,47.7
2011-12-17 08:00:00,118.5
2011-12-17 09:00:00,160.4
2011-12-17 10:00:00,226.7
2011-12-17 11:00:00,289.3
2011-12-17 12:00:00,291.3
2011-12-17 13:00:00,358.0
2011-12-17 14:00:00,327.1
2011-12-17 15:00:00,330.2
2011-12-17 16:00:00,299.5
2011-12-17 17:00:00,250.3
2011-12-17 18:00:00,207.1
2011-12-17 19:00:00,193.8
2011-12-17 20:00:00,106.6
2011-12-17 21:00:00,101.5
2011-12-17 22:00:00,94.3
2011-12-17 23:00:00,74.1
2011-12-18 00:00:00,75.7
2011-12-18 01:00:00,111.4
2011-12-18 02:00:00,46.0
2011-12-18 03:00:00,14.1
2011-12-18 04:00:00,6.5
2011-12-18 05:00:00,4.0
2011-12-18 06:00:00,12.5
2011-12-18 07:00:00,37.6
2011-12-18 08:00:00,83.0
2011-12-18 09:00:00,145.7
2011-12-18 10:00:00,198.3
2011-12-18 11:00:00,300.1
2011-12-18 12:00:00,310.8
2011-12-18 13:00:00,352.4
2011-12-18 14:00:00,368.5
2011-12-18 15:00:00,343.7
2011-12-18 16:00:00,299.5
2011-12-18 17:00:00,230.2
2011-12-18 18:00:00,180.9
2011-12-18 19:00:00,185.5
2011-12-18 20:00:00,120.0
2011-12-18 21:00:00,86.2
2011-12-18 22:00:00,94.3
2011-12-18 23:00:00,94.8
2011-12-19 00:00:00,30.0
2011-12-19 01:00:00,6.4
2011-12-19 02:00:00,4.5
2011-12-19 03:00:00,6.55
2011-12-19 04:00:00,8.8
2011-12-19 05:00:00,24.5
2011-12-19 06:00:00,84.75
2011-12-19 07:00:00,234.0
2011-12-19 08:00:00,358.2
2011-12-19 09:00:00,244.0
2011-12-19 10:00:00,172.0
2011-12-19 11:00:00,157.31833333333333
2011-12-19 12:00:00,170.0
2011-12-19 13:00:00,179.7
2011-12-19 14:00:00,211.7
2011-12-19 15:00:00,228.2
2011-12-19 16:00:00,258.5
2011-12-19 17:00:00,606.7
2011-12-19 18:00:00,550.5
2011-12-19 19:00:00,340.3
2011-12-19 20:00:00,212.4
2011-12-19 21:00:00,195.1
2011-12-19 22:00:00,153.3
2011-12-19 23:00:00,98.8
2012-01-16 00:00:00,49.1
2012-01-16 01:00:00,44.8
2012-01-16 02:00:00,33.9
2012-01-16 03:00:00,13.5
2012-01-16 04:00:00,4.6
2012-01-16 05:00:00,2.0
2012-01-16 06:00:00,4.6
2012-01-16 07:00:00,12.14
2012-01-16 08:00:00,45.6
2012-01-16 09:00:00,69.0
2012-01-16 10:00:00,90.8
2012-01-16 11:00:00,110.7
2012-01-16 12:00:00,85.4
2012-01-16 13:00:00,157.6
2012-01-16 14:00:00,160.6
2012-01-16 15:00:00,152.7
2012-01-16 16:00:00,199.0
2012-01-16 17:00:00,159.4
2012-01-16 18:00:00,138.9
2012-01-16 19:00:00,119.6
2012-01-16 20:00:00,65.9
2012-01-16 21:00:00,62.9
2012-01-16 22:00:00,41.0
2012-01-16 23:00:00,39.5
2012-01-17 00:00:00,12.0
2012-01-17 01:00:00,19.9
2012-01-17 02:00:00,2.5
2012-01-17 04:00:00,3.5
2012-01-17 05:00:00,16.4
2012-01-17 06:00:00,77.5
2012-01-17 07:00:00,171.5
2012-01-17 08:00:00,325.9
2012-01-17 09:00:00,225.4
2012-01-17 10:00:00,77.1
2012-01-17 11:00:00,96.8
2012-01-17 12:00:00,96.4
2012-01-17 13:00:00,100.7
2012-01-17 14:00:00,181.76666666666665
2012-01-17 15:00:00,186.76666666666665
2012-01-17 16:00:00,233.1
2012-01-17 17:00:00,354.7
2012-01-17 18:00:00,347.3
2012-01-17 19:00:00,286.5
2012-01-17 20:00:00,184.3
2012-01-17 21:00:00,194.9
2012-01-17 22:00:00,131.5
2012-01-17 23:00:00,86.8
2012-01-18 00:00:00,39.8
2012-01-18 01:00:00,29.9
2012-01-18 02:00:00,17.2
2012-01-18 03:00:00,4.3
2012-01-18 04:00:00,2.9
2012-01-18 05:00:00,9.5
2012-01-18 06:00:00,48.9
2012-01-18 07:00:00,215.8
2012-01-18 08:00:00,372.7
2012-01-18 09:00:00,201.3
2012-01-18 10:00:00,136.4
2012-01-18 11:00:00,89.4
2012-01-18 12:00:00,130.8
2012-01-18 13:00:00,153.8
2012-01-18 14:00:00,89.5
2012-01-18 15:00:00,131.4
2012-01-18 16:00:00,179.1
2012-01-18 17:00:00,250.4
2012-01-18 18:00:00,155.9
2012-01-18 19:00:00,115.2
2012-01-18 20:00:00,106.3
2012-01-18 21:00:00,69.7
2012-01-18 22:00:00,49.0
2012-01-18 23:00:00,50.8
2012-01-19 00:00:00,12.0
2012-01-19 01:00:00,4.2
2012-01-19 02:00:00,1.5
2012-01-19 03:00:00,1.1
2012-01-19 04:00:00,1.6
2012-01-19 05:00:00,7.1
2012-01-19 06:00:00,32.3
2012-01-19 07:00:00,116.6
2012-01-19 08:00:00,258.2
2012-01-19 09:00:00,178.5
2012-01-19 10:00:00,63.5
2012-01-19 11:00:00,42.1
2012-01-19 12:00:00,58.4
2012-01-19 13:00:00,63.4
2012-01-19 14:00:00,92.9
2012-01-19 15:00:00,115.7
2012-01-19 16:00:00,165.5
2012-01-19 17:00:00,239.4
2012-01-19 18:00:00,247.9
2012-01-19 19:00:00,182.5
2012-01-19 20:00:00,93.0
2012-01-19 21:00:00,84.5
2012-01-19 22:00:00,54.5
2012-01-19 23:00:00,33.7
2012-02-16 00:00:00,33.6
2012-02-16 01:00:00,9.1
2012-02-16 02:00:00,3.0
2012-02-16 03:00:00,3.5
2012-02-16 04:00:00,1.9
2012-02-16 05:00:00,23.7
2012-02-16 06:00:00,94.8
2012-02-16 07:00:00,244.7
2012-02-16 08:00:00,350.2
2012-02-16 09:00:00,227.8
2012-02-16 10:00:00,113.7
2012-02-16 11:00:00,95.8
2012-02-16 12:00:00,70.5
2012-02-16 13:00:00,83.2
2012-02-16 14:00:00,85.9
2012-02-16 15:00:00,119.6
2012-02-16 16:00:00,137.9
2012-02-16 17:00:00,197.7
2012-02-16 18:00:00,145.4
2012-02-16 19:00:00,131.5
2012-02-16 20:00:00,91.9
2012-02-16 21:00:00,91.3
2012-02-16 22:00:00,85.3
2012-02-16 23:00:00,49.4
2012-02-17 00:00:00,21.4
2012-02-17 01:00:00,7.3
2012-02-17 02:00:00,2.8
2012-02-17 03:00:00,1.9
2012-02-17 04:00:00,2.7
2012-02-17 05:00:00,18.2
2012-02-17 06:00:00,90.6
2012-02-17 07:00:00,203.2
2012-02-17 08:00:00,212.4
2012-02-17 09:00:00,116.9
2012-02-17 10:00:00,119.5
2012-02-17 11:00:00,141.0
2012-02-17 12:00:00,156.6
2012-02-17 13:00:00,180.91666666666666
2012-02-17 14:00:00,134.45
2012-02-17 15:00:00,187.9
2012-02-17 16:00:00,248.0
2012-02-17 17:00:00,482.0
2012-02-17 18:00:00,461.0
2012-02-17 19:00:00,321.1
2012-02-17 20:00:00,146.0
2012-02-17 21:00:00,140.1
2012-02-17 22:00:00,97.0
2012-02-17 23:00:00,86.4
2012-02-18 00:00:00,70.4
2012-02-18 01:00:00,61.7
2012-02-18 02:00:00,33.3
2012-02-18 03:00:00,11.6
2012-02-18 04:00:00,6.2
2012-02-18 05:00:00,4.4
2012-02-18 06:00:00,4.8
2012-02-18 07:00:00,15.8
2012-02-18 08:00:00,26.5
2012-02-18 09:00:00,87.1
2012-02-18 10:00:00,172.9
2012-02-18 11:00:00,235.3
2012-02-18 12:00:00,255.6
2012-02-18 13:00:00,327.0
2012-02-18 14:00:00,308.5
2012-02-18 15:00:00,312.6
2012-02-18 16:00:00,265.9
2012-02-18 17:00:00,217.1
2012-02-18 18:00:00,223.2
2012-02-18 19:00:00,187.3
2012-02-18 20:00:00,174.2
2012-02-18 21:00:00,148.6
2012-02-18 22:00:00,59.8
2012-02-18 23:00:00,54.5
2012-02-19 00:00:00,71.9
2012-02-19 01:00:00,52.3
2012-02-19 02:00:00,34.1
2012-02-19 03:00:00,17.5
2012-02-19 04:00:00,4.3
2012-02-19 05:00:00,3.6
2012-02-19 06:00:00,3.8
2012-02-19 07:00:00,20.8
2012-02-19 08:00:00,47.7
2012-02-19 09:00:00,59.8
2012-02-19 10:00:00,154.5
2012-02-19 11:00:00,182.8
2012-02-19 12:00:00,189.4
2012-02-19 13:00:00,189.3
2012-02-19 14:00:00,167.3
2012-02-19 15:00:00,161.3
2012-02-19 16:00:00,167.1
2012-02-19 17:00:00,98.8
2012-02-19 18:00:00,115.6
2012-02-19 19:00:00,77.4
2012-02-19 20:00:00,74.5
2012-02-19 21:00:00,62.5
2012-02-19 22:00:00,67.4
2012-02-19 23:00:00,38.0
2012-03-16 00:00:00,44.7
2012-03-16 01:00:00,12.8
2012-03-16 02:00:00,7.4
2012-03-16 03:00:00,4.2
2012-03-16 04:00:00,2.7
2012-03-16 05:00:00,22.0
2012-03-16 06:00:00,79.6
2012-03-16 07:00:00,234.0
2012-03-16 08:00:00,256.9
2012-03-16 09:00:00,224.3
2012-03-16 10:00:00,99.3
2012-03-16 11:00:00,170.1
2012-03-16 12:00:00,161.6
2012-03-16 13:00:00,112.8
2012-03-16 14:00:00,178.4
2012-03-16 15:00:00,71.3
2012-03-16 16:00:00,213.3
2012-03-16 17:00:00,310.5
2012-03-16 18:00:00,285.1
2012-03-16 19:00:00,277.1
2012-03-16 20:00:00,161.7
2012-03-16 21:00:00,136.1
2012-03-16 22:00:00,100.6
2012-03-16 23:00:00,89.8
2012-03-17 00:00:00,26.6
2012-03-17 01:00:00,32.4
2012-03-17 02:00:00,52.5
2012-03-17 03:00:00,31.23333333333333
2012-03-17 04:00:00,6.3
2012-03-17 05:00:00,6.5
2012-03-17 06:00:00,3.0
2012-03-17 07:00:00,19.8
2012-03-17 08:00:00,61.1
2012-03-17 09:00:00,215.9
2012-03-17 10:00:00,216.6
2012-03-17 11:00:00,235.5
2012-03-17 12:00:00,351.9
2012-03-17 13:00:00,456.0
2012-03-17 14:00:00,501.1
2012-03-17 15:00:00,487.1
2012-03-17 16:00:00,478.4
2012-03-17 17:00:00,457.1
2012-03-17 18:00:00,407.8
2012-03-17 19:00:00,371.3
2012-03-17 20:00:00,231.0
2012-03-17 21:00:00,194.5
2012-03-17 22:00:00,182.8
2012-03-17 23:00:00,92.8
2012-03-18 00:00:00,30.5
2012-03-18 01:00:00,43.8
2012-03-18 02:00:00,45.4
2012-03-18 03:00:00,15.033333333333331
2012-03-18 04:00:00,4.8
2012-03-18 05:00:00,5.9
2012-03-18 06:00:00,4.0
2012-03-18 07:00:00,49.4
2012-03-18 08:00:00,91.2
2012-03-18 09:00:00,129.3
2012-03-18 10:00:00,156.6
2012-03-18 11:00:00,153.1
2012-03-18 12:00:00,176.9
2012-03-18 13:00:00,116.5
2012-03-18 14:00:00,207.2
2012-03-18 15:00:00,296.4
2012-03-18 16:00:00,295.3
2012-03-18 17:00:00,502.7
2012-03-18 18:00:00,419.5
2012-03-18 19:00:00,343.2
2012-03-18 20:00:00,187.8
2012-03-18 21:00:00,157.5
2012-03-18 22:00:00,160.0
2012-03-18 23:00:00,101.3
2012-03-19 00:00:00,46.7
2012-03-19 01:00:00,18.1
2012-03-19 02:00:00,8.1
2012-03-19 03:00:00,8.9
2012-03-19 04:00:00,9.0
2012-03-19 05:00:00,21.7
2012-03-19 06:00:00,127.0
2012-03-19 07:00:00,381.3
2012-03-19 08:00:00,606.2
2012-03-19 09:00:00,257.7
2012-03-19 10:00:00,171.3
2012-03-19 11:00:00,198.3
2012-03-19 12:00:00,202.4
2012-03-19 13:00:00,209.2
2012-03-19 14:00:00,238.1
2012-03-19 15:00:00,210.8
2012-03-19 16:00:00,313.4
2012-03-19 17:00:00,674.0
2012-03-19 18:00:00,676.1
2012-03-19 19:00:00,501.5
2012-03-19 20:00:00,325.7
2012-03-19 21:00:00,299.2
2012-03-19 22:00:00,183.6
2012-03-19 23:00:00,116.0
2012-04-16 00:00:00,145.5
2012-04-16 01:00:00,98.1
2012-04-16 02:00:00,51.5
2012-04-16 03:00:00,28.3
2012-04-16 04:00:00,19.2
2012-04-16 05:00:00,37.1
2012-04-16 06:00:00,31.3
2012-04-16 07:00:00,73.8
2012-04-16 08:00:00,173.0
2012-04-16 09:00:00,270.3
2012-04-16 10:00:00,400.6
2012-04-16 11:00:00,446.0
2012-04-16 12:00:00,510.3
2012-04-16 13:00:00,457.7
2012-04-16 14:00:00,477.5
2012-04-16 15:00:00,527.3
2012-04-16 16:00:00,496.5
2012-04-16 17:00:00,444.3
2012-04-16 18:00:00,414.4
2012-04-16 19:00:00,416.9
2012-04-16 20:00:00,427.4
2012-04-16 21:00:00,348.9
2012-04-16 22:00:00,280.8
2012-04-16 23:00:00,99.7
2012-04-17 00:00:00,61.8
2012-04-17 01:00:00,24.9
2012-04-17 02:00:00,13.6
2012-04-17 03:00:00,6.7
2012-04-17 04:00:00,4.1
2012-04-17 05:00:00,29.0
2012-04-17 06:00:00,113.9
2012-04-17 07:00:00,352.9
2012-04-17 08:00:00,578.9
2012-04-17 09:00:00,268.7
2012-04-17 10:00:00,161.0
2012-04-17 11:00:00,171.5
2012-04-17 12:00:00,214.7
2012-04-17 13:00:00,268.7
2012-04-17 14:00:00,232.5
2012-04-17 15:00:00,252.7
2012-04-17 16:00:00,447.5
2012-04-17 17:00:00,663.1
2012-04-17 18:00:00,606.5
2012-04-17 19:00:00,510.4
2012-04-17 20:00:00,390.8
2012-04-17 21:00:00,253.9
2012-04-17 22:00:00,174.4
2012-04-17 23:00:00,141.1
2012-04-18 00:00:00,59.9
2012-04-18 01:00:00,15.0
2012-04-18 02:00:00,16.7
2012-04-18 03:00:00,6.7
2012-04-18 04:00:00,7.8
2012-04-18 05:00:00,29.5
2012-04-18 06:00:00,130.4
2012-04-18 07:00:00,338.4
2012-04-18 08:00:00,455.7
2012-04-18 09:00:00,221.9
2012-04-18 10:00:00,180.4
2012-04-18 11:00:00,190.1
2012-04-18 12:00:00,156.2
2012-04-18 13:00:00,132.4
2012-04-18 14:00:00,302.7
2012-04-18 15:00:00,148.5
2012-04-18 16:00:00,169.1
2012-04-18 17:00:00,317.0
2012-04-18 18:00:00,296.5
2012-04-18 19:00:00,223.5
2012-04-18 20:00:00,161.7
2012-04-18 21:00:00,127.7
2012-04-18 22:00:00,131.8
2012-04-18 23:00:00,116.6
2012-04-19 00:00:00,29.6
2012-04-19 01:00:00,17.8
2012-04-19 02:00:00,14.2
2012-04-19 03:00:00,7.4
2012-04-19 04:00:00,6.6
2012-04-19 05:00:00,25.3
2012-04-19 06:00:00,97.02000000000001
2012-04-19 07:00:00,217.9
2012-04-19 08:00:00,352.5
2012-04-19 09:00:00,232.4
2012-04-19 10:00:00,150.5
2012-04-19 11:00:00,186.8
2012-04-19 12:00:00,214.3
2012-04-19 13:00:00,248.5
2012-04-19 14:00:00,218.9
2012-04-19 15:00:00,190.9
2012-04-19 16:00:00,345.6
2012-04-19 17:00:00,626.7
2012-04-19 18:00:00,640.9
2012-04-19 19:00:00,432.3
2012-04-19 20:00:00,397.5
2012-04-19 21:00:00,178.9
2012-04-19 22:00:00,141.0
2012-04-19 23:00:00,88.9
2012-05-16 00:00:00,36.6
2012-05-16 01:00:00,12.5
2012-05-16 02:00:00,7.3
2012-05-16 03:00:00,5.7
2012-05-16 04:00:00,5.0
2012-05-16 05:00:00,26.8
2012-05-16 06:00:00,125.8
2012-05-16 07:00:00,380.7
2012-05-16 08:00:00,521.9
2012-05-16 09:00:00,308.0
2012-05-16 10:00:00,241.7
2012-05-16 11:00:00,193.7
2012-05-16 12:00:00,303.2
2012-05-16 13:00:00,299.1
2012-05-16 14:00:00,294.3
2012-05-16 15:00:00,294.7
2012-05-16 16:00:00,430.6
2012-05-16 17:00:00,728.7
2012-05-16 18:00:00,637.6
2012-05-16 19:00:00,494.2
2012-05-16 20:00:00,391.6
2012-05-16 21:00:00,238.6
2012-05-16 22:00:00,149.6
2012-05-16 23:00:00,88.7
2012-05-17 00:00:00,62.7
2012-05-17 01:00:00,22.1
2012-05-17 02:00:00,14.6
2012-05-17 03:00:00,8.6
2012-05-17 04:00:00,5.9
2012-05-17 05:00:00,24.9
2012-05-17 06:00:00,126.7
2012-05-17 07:00:00,438.7
2012-05-17 08:00:00,386.4
2012-05-17 09:00:00,231.8
2012-05-17 10:00:00,163.0
2012-05-17 11:00:00,202.8
2012-05-17 12:00:00,185.8
2012-05-17 13:00:00,214.9
2012-05-17 14:00:00,213.2
2012-05-17 15:00:00,200.7
2012-05-17 16:00:00,397.5
2012-05-17 17:00:00,673.6
2012-05-17 18:00:00,802.1
2012-05-17 19:00:00,512.2
2012-05-17 20:00:00,360.5
2012-05-17 21:00:00,271.0
2012-05-17 22:00:00,204.3
2012-05-17 23:00:00,159.1
2012-05-18 00:00:00,43.7
2012-05-18 01:00:00,19.3
2012-05-18 02:00:00,9.2
2012-05-18 03:00:00,5.4
2012-05-18 04:00:00,10.2
2012-05-18 05:00:00,24.1
2012-05-18 06:00:00,106.9
2012-05-18 07:00:00,374.1
2012-05-18 08:00:00,468.4
2012-05-18 09:00:00,239.4
2012-05-18 10:00:00,163.2
2012-05-18 11:00:00,217.5
2012-05-18 12:00:00,211.8
2012-05-18 13:00:00,274.1
2012-05-18 14:00:00,216.2
2012-05-18 15:00:00,267.4
2012-05-18 16:00:00,429.0
2012-05-18 17:00:00,698.9
2012-05-18 18:00:00,750.2
2012-05-18 19:00:00,558.4
2012-05-18 20:00:00,338.6
2012-05-18 21:00:00,266.5
2012-05-18 22:00:00,151.2
2012-05-18 23:00:00,110.6
2012-05-19 00:00:00,107.1
2012-05-19 01:00:00,84.1
2012-05-19 02:00:00,63.3
2012-05-19 03:00:00,35.6
2012-05-19 04:00:00,10.1
2012-05-19 05:00:00,10.9
2012-05-19 06:00:00,32.4
2012-05-19 07:00:00,55.1
2012-05-19 08:00:00,137.3
2012-05-19 09:00:00,270.6
2012-05-19 10:00:00,381.0
2012-05-19 11:00:00,461.3
2012-05-19 12:00:00,546.9
2012-05-19 13:00:00,493.9
2012-05-19 14:00:00,526.1
2012-05-19 15:00:00,535.2
2012-05-19 16:00:00,491.9
2012-05-19 17:00:00,396.8
2012-05-19 18:00:00,409.1
2012-05-19 19:00:00,412.9
2012-05-19 20:00:00,314.8
2012-05-19 21:00:00,183.7
2012-05-19 22:00:00,207.4
2012-05-19 23:00:00,199.7
2012-06-16 00:00:00,144.2
2012-06-16 01:00:00,105.7
2012-06-16 02:00:00,63.1
2012-06-16 03:00:00,33.1
2012-06-16 04:00:00,11.7
2012-06-16 05:00:00,14.2
2012-06-16 06:00:00,40.9
2012-06-16 07:00:00,72.5
2012-06-16 08:00:00,168.2
2012-06-16 09:00:00,297.9
2012-06-16 10:00:00,411.3
2012-06-16 11:00:00,464.3
2012-06-16 12:00:00,539.0
2012-06-16 13:00:00,487.9
2012-06-16 14:00:00,510.7
2012-06-16 15:00:00,470.7
2012-06-16 16:00:00,439.2
2012-06-16 17:00:00,398.9
2012-06-16 18:00:00,463.0
2012-06-16 19:00:00,415.3
2012-06-16 20:00:00,264.6
2012-06-16 21:00:00,198.8
2012-06-16 22:00:00,226.2
2012-06-16 23:00:00,148.2
2012-06-17 00:00:00,129.1
2012-06-17 01:00:00,98.2
2012-06-17 02:00:00,73.3
2012-06-17 03:00:00,35.0
2012-06-17 04:00:00,12.3
2012-06-17 05:00:00,14.1
2012-06-17 06:00:00,32.9
2012-06-17 07:00:00,64.8
2012-06-17 08:00:00,156.2
2012-06-17 09:00:00,267.0
2012-06-17 10:00:00,349.1
2012-06-17 11:00:00,490.7
2012-06-17 12:00:00,482.0
2012-06-17 13:00:00,504.5
2012-06-17 14:00:00,521.0
2012-06-17 15:00:00,522.3
2012-06-17 16:00:00,532.7
2012-06-17 17:00:00,419.6
2012-06-17 18:00:00,407.1
2012-06-17 19:00:00,362.2
2012-06-17 20:00:00,285.1
2012-06-17 21:00:00,232.9
2012-06-17 22:00:00,187.9
2012-06-17 23:00:00,124.0
2012-06-18 00:00:00,73.8
2012-06-18 01:00:00,25.2
2012-06-18 02:00:00,8.9
2012-06-18 03:00:00,4.5
2012-06-18 04:00:00,5.1
2012-06-18 05:00:00,23.8
2012-06-18 06:00:00,82.4
2012-06-18 07:00:00,124.2
2012-06-18 08:00:00,541.8
2012-06-18 09:00:00,317.2
2012-06-18 10:00:00,70.2
2012-06-18 11:00:00,139.4
2012-06-18 12:00:00,212.1
2012-06-18 13:00:00,236.3
2012-06-18 14:00:00,233.0
2012-06-18 15:00:00,217.3
2012-06-18 16:00:00,292.7
2012-06-18 17:00:00,676.8
2012-06-18 18:00:00,695.5
2012-06-18 19:00:00,398.5
2012-06-18 20:00:00,377.3
2012-06-18 21:00:00,213.8
2012-06-18 22:00:00,152.7
2012-06-18 23:00:00,89.6
2012-06-19 00:00:00,64.7
2012-06-19 01:00:00,26.1
2012-06-19 02:00:00,12.5
2012-06-19 03:00:00,6.3
2012-06-19 04:00:00,7.8
2012-06-19 05:00:00,35.0
2012-06-19 06:00:00,135.3
2012-06-19 07:00:00,405.3
2012-06-19 08:00:00,652.9
2012-06-19 09:00:00,251.8
2012-06-19 10:00:00,194.5
2012-06-19 11:00:00,200.4
2012-06-19 12:00:00,288.1
2012-06-19 13:00:00,224.9
2012-06-19 14:00:00,192.9
2012-06-19 15:00:00,245.8
2012-06-19 16:00:00,423.2
2012-06-19 17:00:00,561.0
2012-06-19 18:00:00,538.6
2012-06-19 19:00:00,400.0
2012-06-19 20:00:00,295.0
2012-06-19 21:00:00,238.9
2012-06-19 22:00:00,170.8
2012-06-19 23:00:00,81.4
2012-07-16 00:00:00,33.9
2012-07-16 01:00:00,28.3
2012-07-16 02:00:00,12.5
2012-07-16 03:00:00,5.0
2012-07-16 04:00:00,6.1
2012-07-16 05:00:00,35.0
2012-07-16 06:00:00,157.98
2012-07-16 07:00:00,316.9
2012-07-16 08:00:00,497.8
2012-07-16 09:00:00,286.8
2012-07-16 10:00:00,146.9
2012-07-16 11:00:00,182.9
2012-07-16 12:00:00,210.8
2012-07-16 13:00:00,202.5
2012-07-16 14:00:00,228.1
2012-07-16 15:00:00,246.1
2012-07-16 16:00:00,280.5
2012-07-16 17:00:00,721.8
2012-07-16 18:00:00,642.3
2012-07-16 19:00:00,497.5
2012-07-16 20:00:00,304.9
2012-07-16 21:00:00,280.3
2012-07-16 22:00:00,170.0
2012-07-16 23:00:00,157.4
2012-07-17 00:00:00,55.3
2012-07-17 01:00:00,23.116666666666667
2012-07-17 02:00:00,12.5
2012-07-17 03:00:00,4.0
2012-07-17 04:00:00,5.1
2012-07-17 05:00:00,22.508333333333333
2012-07-17 06:00:00,131.3
2012-07-17 07:00:00,314.6
2012-07-17 08:00:00,499.2
2012-07-17 09:00:00,231.9
2012-07-17 10:00:00,155.6
2012-07-17 11:00:00,225.5
2012-07-17 12:00:00,295.4
2012-07-17 13:00:00,183.7
2012-07-17 14:00:00,166.6
2012-07-17 15:00:00,223.7
2012-07-17 16:00:00,287.6
2012-07-17 17:00:00,595.2
2012-07-17 18:00:00,562.1
2012-07-17 19:00:00,407.3
2012-07-17 20:00:00,318.1
2012-07-17 21:00:00,292.7
2012-07-17 22:00:00,245.4
2012-07-17 23:00:00,145.5
2012-07-18 00:00:00,71.4
2012-07-18 01:00:00,20.1
2012-07-18 02:00:00,11.8
2012-07-18 03:00:00,4.3
2012-07-18 04:00:00,7.4
2012-07-18 05:00:00,28.45
2012-07-18 06:00:00,131.2
2012-07-18 07:00:00,325.0
2012-07-18 08:00:00,546.4
2012-07-18 09:00:00,202.8
2012-07-18 10:00:00,138.5
2012-07-18 11:00:00,197.0
2012-07-18 12:00:00,152.6
2012-07-18 13:00:00,160.1
2012-07-18 14:00:00,173.6
2012-07-18 15:00:00,146.4
2012-07-18 16:00:00,339.3666666666667
2012-07-18 17:00:00,813.4
2012-07-18 18:00:00,836.8
2012-07-18 19:00:00,537.7
2012-07-18 20:00:00,392.0
2012-07-18 21:00:00,280.8
2012-07-18 22:00:00,170.6
2012-07-18 23:00:00,151.6
2012-07-19 00:00:00,68.8
2012-07-19 01:00:00,13.1
2012-07-19 02:00:00,14.8
2012-07-19 03:00:00,5.9
2012-07-19 04:00:00,6.2
2012-07-19 05:00:00,30.05
2012-07-19 06:00:00,136.5
2012-07-19 07:00:00,345.6
2012-07-19 08:00:00,442.8
2012-07-19 09:00:00,243.5
2012-07-19 10:00:00,185.8
2012-07-19 11:00:00,220.5
2012-07-19 12:00:00,205.1
2012-07-19 13:00:00,224.1
2012-07-19 14:00:00,268.8
2012-07-19 15:00:00,219.1
2012-07-19 16:00:00,340.1
2012-07-19 17:00:00,551.3
2012-07-19 18:00:00,557.3
2012-07-19 19:00:00,390.8
2012-07-19 20:00:00,311.6
2012-07-19 21:00:00,108.0
2012-07-19 22:00:00,83.5
2012-07-19 23:00:00,101.0
2012-08-16 00:00:00,52.3
2012-08-16 01:00:00,26.0
2012-08-16 02:00:00,12.6
2012-08-16 03:00:00,8.7
2012-08-16 04:00:00,6.6
2012-08-16 05:00:00,35.05
2012-08-16 06:00:00,120.28
2012-08-16 07:00:00,381.8
2012-08-16 08:00:00,570.1
2012-08-16 09:00:00,258.65833333333336
2012-08-16 10:00:00,187.6
2012-08-16 11:00:00,193.9
2012-08-16 12:00:00,249.8
2012-08-16 13:00:00,242.9
2012-08-16 14:00:00,208.3
2012-08-16 15:00:00,250.2
2012-08-16 16:00:00,346.6
2012-08-16 17:00:00,808.4
2012-08-16 18:00:00,749.0
2012-08-16 19:00:00,427.6
2012-08-16 20:00:00,343.9
2012-08-16 21:00:00,341.4
2012-08-16 22:00:00,279.9
2012-08-16 23:00:00,134.4
2012-08-17 00:00:00,63.5
2012-08-17 01:00:00,33.4
2012-08-17 02:00:00,31.3
2012-08-17 03:00:00,8.0
2012-08-17 04:00:00,5.1
2012-08-17 05:00:00,40.7
2012-08-17 06:00:00,112.3
2012-08-17 07:00:00,379.0
2012-08-17 08:00:00,592.7
2012-08-17 09:00:00,274.6
2012-08-17 10:00:00,143.0
2012-08-17 11:00:00,162.3
2012-08-17 12:00:00,228.1
2012-08-17 13:00:00,216.7
2012-08-17 14:00:00,202.1
2012-08-17 15:00:00,227.0
2012-08-17 16:00:00,314.4
2012-08-17 17:00:00,403.3
2012-08-17 18:00:00,436.9
2012-08-17 19:00:00,335.9
2012-08-17 20:00:00,216.9
2012-08-17 21:00:00,174.8
2012-08-17 22:00:00,104.1
2012-08-17 23:00:00,52.7
2012-08-18 00:00:00,110.1
2012-08-18 01:00:00,86.5
2012-08-18 02:00:00,76.9
2012-08-18 03:00:00,36.3
2012-08-18 04:00:00,10.4
2012-08-18 05:00:00,20.1
2012-08-18 06:00:00,22.4
2012-08-18 07:00:00,47.95
2012-08-18 08:00:00,131.1
2012-08-18 09:00:00,246.2
2012-08-18 10:00:00,335.9
2012-08-18 11:00:00,452.3
2012-08-18 12:00:00,550.1
2012-08-18 13:00:00,539.5
2012-08-18 14:00:00,517.6
2012-08-18 15:00:00,544.3
2012-08-18 16:00:00,552.8
2012-08-18 17:00:00,436.4
2012-08-18 18:00:00,448.8
2012-08-18 19:00:00,391.9
2012-08-18 20:00:00,291.0
2012-08-18 21:00:00,188.6
2012-08-18 22:00:00,214.6
2012-08-18 23:00:00,134.03333333333333
2012-08-19 00:00:00,150.0
2012-08-19 01:00:00,99.8
2012-08-19 02:00:00,89.4
2012-08-19 03:00:00,42.3
2012-08-19 04:00:00,10.3
2012-08-19 05:00:00,7.6
2012-08-19 06:00:00,32.4
2012-08-19 07:00:00,37.7
2012-08-19 08:00:00,107.7
2012-08-19 09:00:00,218.8
2012-08-19 10:00:00,326.7
2012-08-19 11:00:00,375.1
2012-08-19 12:00:00,421.7
2012-08-19 13:00:00,408.5
2012-08-19 14:00:00,421.5
2012-08-19 15:00:00,411.5
2012-08-19 16:00:00,460.0
2012-08-19 17:00:00,292.6
2012-08-19 18:00:00,298.2
2012-08-19 19:00:00,332.0
2012-08-19 20:00:00,262.3
2012-08-19 21:00:00,115.4
2012-08-19 22:00:00,175.5
2012-08-19 23:00:00,142.0
2012-09-16 00:00:00,140.0
2012-09-16 01:00:00,98.4
2012-09-16 02:00:00,64.8
2012-09-16 03:00:00,37.6
2012-09-16 04:00:00,13.2
2012-09-16 05:00:00,19.7
2012-09-16 06:00:00,25.8
2012-09-16 07:00:00,43.5
2012-09-16 08:00:00,195.7
2012-09-16 09:00:00,289.6
2012-09-16 10:00:00,420.8
2012-09-16 11:00:00,546.2
2012-09-16 12:00:00,620.3
2012-09-16 13:00:00,643.0
2012-09-16 14:00:00,615.3
2012-09-16 15:00:00,636.4
2012-09-16 16:00:00,570.2
2012-09-16 17:00:00,552.6
2012-09-16 18:00:00,385.8
2012-09-16 19:00:00,360.7
2012-09-16 20:00:00,282.6
2012-09-16 21:00:00,234.4
2012-09-16 22:00:00,224.3
2012-09-16 23:00:00,123.8
2012-09-17 00:00:00,60.8
2012-09-17 01:00:00,23.9
2012-09-17 02:00:00,10.9
2012-09-17 03:00:00,6.5
2012-09-17 04:00:00,7.7
2012-09-17 05:00:00,41.2
2012-09-17 06:00:00,193.5
2012-09-17 07:00:00,488.0
2012-09-17 08:00:00,678.7
2012-09-17 09:00:00,324.1
2012-09-17 10:00:00,165.1
2012-09-17 11:00:00,183.5
2012-09-17 12:00:00,193.4
2012-09-17 13:00:00,199.6
2012-09-17 14:00:00,192.0
2012-09-17 15:00:00,211.0
2012-09-17 16:00:00,328.2
2012-09-17 17:00:00,607.1
2012-09-17 18:00:00,619.4
2012-09-17 19:00:00,417.1
2012-09-17 20:00:00,363.8
2012-09-17 21:00:00,134.5
2012-09-17 22:00:00,96.2
2012-09-17 23:00:00,38.4
2012-09-18 00:00:00,12.6
2012-09-18 01:00:00,6.6
2012-09-18 02:00:00,4.7
2012-09-18 03:00:00,2.2
2012-09-18 04:00:00,4.5
2012-09-18 05:00:00,35.7
2012-09-18 06:00:00,95.7
2012-09-18 07:00:00,277.4
2012-09-18 08:00:00,456.7
2012-09-18 09:00:00,308.7
2012-09-18 10:00:00,177.2
2012-09-18 11:00:00,198.5
2012-09-18 12:00:00,105.9
2012-09-18 13:00:00,176.8
2012-09-18 14:00:00,104.4
2012-09-18 15:00:00,100.4
2012-09-18 16:00:00,175.0
2012-09-18 17:00:00,294.4
2012-09-18 18:00:00,362.5
2012-09-18 19:00:00,303.3
2012-09-18 20:00:00,216.4
2012-09-18 21:00:00,148.4
2012-09-18 22:00:00,86.6
2012-09-18 23:00:00,71.9
2012-09-19 00:00:00,39.8
2012-09-19 01:00:00,17.1
2012-09-19 02:00:00,11.5
2012-09-19 03:00:00,7.1
2012-09-19 04:00:00,7.0
2012-09-19 05:00:00,34.7
2012-09-19 06:00:00,119.9
2012-09-19 07:00:00,362.6
2012-09-19 08:00:00,408.9
2012-09-19 09:00:00,335.9
2012-09-19 10:00:00,151.0
2012-09-19 11:00:00,179.0
2012-09-19 12:00:00,239.3
2012-09-19 13:00:00,249.3
2012-09-19 14:00:00,245.7
2012-09-19 15:00:00,235.8
2012-09-19 16:00:00,324.3
2012-09-19 17:00:00,752.9
2012-09-19 18:00:00,644.2
2012-09-19 19:00:00,466.3
2012-09-19 20:00:00,225.5
2012-09-19 21:00:00,181.8
2012-09-19 22:00:00,131.3
2012-09-19 23:00:00,93.9
2012-10-16 00:00:00,32.8
2012-10-16 01:00:00,18.6
2012-10-16 02:00:00,11.6
2012-10-16 03:00:00,5.8
2012-10-16 04:00:00,7.2
2012-10-16 05:00:00,27.9
2012-10-16 06:00:00,129.5
2012-10-16 07:00:00,388.8
2012-10-16 08:00:00,560.4
2012-10-16 09:00:00,337.2
2012-10-16 10:00:00,147.9
2012-10-16 11:00:00,217.1
2012-10-16 12:00:00,230.2
2012-10-16 13:00:00,170.9
2012-10-16 14:00:00,234.2
2012-10-16 15:00:00,234.5
2012-10-16 16:00:00,442.7
2012-10-16 17:00:00,602.3
2012-10-16 18:00:00,569.5
2012-10-16 19:00:00,302.0
2012-10-16 20:00:00,231.5
2012-10-16 21:00:00,209.5
2012-10-16 22:00:00,144.3
2012-10-16 23:00:00,113.1
2012-10-17 00:00:00,28.6
2012-10-17 01:00:00,14.7
2012-10-17 02:00:00,7.4
2012-10-17 03:00:00,7.65
2012-10-17 04:00:00,7.0
2012-10-17 05:00:00,26.6
2012-10-17 06:00:00,124.9
2012-10-17 07:00:00,320.9
2012-10-17 08:00:00,517.62
2012-10-17 09:00:00,276.2
2012-10-17 10:00:00,141.2
2012-10-17 11:00:00,188.9
2012-10-17 12:00:00,238.2
2012-10-17 13:00:00,213.3
2012-10-17 14:00:00,206.5
2012-10-17 15:00:00,282.3
2012-10-17 16:00:00,323.0
2012-10-17 17:00:00,600.5
2012-10-17 18:00:00,594.9
2012-10-17 19:00:00,458.5
2012-10-17 20:00:00,308.8
2012-10-17 21:00:00,200.9
2012-10-17 22:00:00,113.1
2012-10-17 23:00:00,80.1
2012-10-18 00:00:00,54.0
2012-10-18 01:00:00,12.7
2012-10-18 02:00:00,3.8
2012-10-18 03:00:00,4.6
2012-10-18 04:00:00,4.9
2012-10-18 05:00:00,24.6
2012-10-18 06:00:00,99.3
2012-10-18 07:00:00,364.9
2012-10-18 08:00:00,464.6
2012-10-18 09:00:00,265.9
2012-10-18 10:00:00,147.5
2012-10-18 11:00:00,221.3
2012-10-18 12:00:00,291.8
2012-10-18 13:00:00,216.8
2012-10-18 14:00:00,231.4
2012-10-18 15:00:00,249.1
2012-10-18 16:00:00,405.6
2012-10-18 17:00:00,610.7
2012-10-18 18:00:00,597.4
2012-10-18 19:00:00,472.2
2012-10-18 20:00:00,356.6
2012-10-18 21:00:00,218.4
2012-10-18 22:00:00,156.0
2012-10-18 23:00:00,114.3
2012-10-19 00:00:00,24.5
2012-10-19 01:00:00,11.66
2012-10-19 02:00:00,3.8
2012-10-19 03:00:00,10.6
2012-10-19 04:00:00,10.1
2012-10-19 05:00:00,30.8
2012-10-19 06:00:00,73.7
2012-10-19 07:00:00,101.5
2012-10-19 08:00:00,463.8
2012-10-19 09:00:00,216.4
2012-10-19 10:00:00,135.6
2012-10-19 11:00:00,138.8
2012-10-19 12:00:00,222.0
2012-10-19 13:00:00,198.9
2012-10-19 14:00:00,257.5
2012-10-19 15:00:00,201.85
2012-10-19 16:00:00,249.9
2012-10-19 17:00:00,693.5
2012-10-19 18:00:00,475.3
2012-10-19 19:00:00,295.6
2012-10-19 20:00:00,270.5
2012-10-19 21:00:00,192.2
2012-10-19 22:00:00,143.4
2012-10-19 23:00:00,80.8
2012-11-16 00:00:00,42.4
2012-11-16 01:00:00,22.8
2012-11-16 02:00:00,6.6
2012-11-16 03:00:00,3.8
2012-11-16 04:00:00,7.1
2012-11-16 05:00:00,34.0
2012-11-16 06:00:00,122.0
2012-11-16 07:00:00,395.0
2012-11-16 08:00:00,661.4
2012-11-16 09:00:00,360.4
2012-11-16 10:00:00,129.1
2012-11-16 11:00:00,211.2
2012-11-16 12:00:00,244.6
2012-11-16 13:00:00,216.5
2012-11-16 14:00:00,215.5
2012-11-16 15:00:00,217.4
2012-11-16 16:00:00,303.5
2012-11-16 17:00:00,577.9
2012-11-16 18:00:00,610.1571428571428
2012-11-16 19:00:00,318.4
2012-11-16 20:00:00,205.7
2012-11-16 21:00:00,122.9
2012-11-16 22:00:00,103.2
2012-11-16 23:00:00,110.8
2012-11-17 00:00:00,86.9
2012-11-17 01:00:00,68.0
2012-11-17 02:00:00,45.64
2012-11-17 03:00:00,9.8
2012-11-17 04:00:00,4.4
2012-11-17 05:00:00,5.5
2012-11-17 06:00:00,16.0
2012-11-17 07:00:00,22.5
2012-11-17 08:00:00,85.7
2012-11-17 09:00:00,222.9
2012-11-17 10:00:00,313.1
2012-11-17 11:00:00,411.1
2012-11-17 12:00:00,438.2
2012-11-17 13:00:00,414.5
2012-11-17 14:00:00,402.6
2012-11-17 15:00:00,417.2
2012-11-17 16:00:00,342.4
2012-11-17 17:00:00,294.8
2012-11-17 18:00:00,253.6
2012-11-17 19:00:00,214.4
2012-11-17 20:00:00,160.0
2012-11-17 21:00:00,146.4
2012-11-17 22:00:00,125.4
2012-11-17 23:00:00,87.5
2012-11-18 00:00:00,90.0
2012-11-18 01:00:00,78.0
2012-11-18 02:00:00,43.45
2012-11-18 03:00:00,15.4
2012-11-18 04:00:00,9.9
2012-11-18 05:00:00,6.3
2012-11-18 06:00:00,17.3
2012-11-18 07:00:00,35.625
2012-11-18 08:00:00,118.0
2012-11-18 09:00:00,128.9
2012-11-18 10:00:00,244.4
2012-11-18 11:00:00,279.7
2012-11-18 12:00:00,313.9
2012-11-18 13:00:00,337.3
2012-11-18 14:00:00,347.0
2012-11-18 15:00:00,378.8
2012-11-18 16:00:00,315.8
2012-11-18 17:00:00,361.0
2012-11-18 18:00:00,250.1
2012-11-18 19:00:00,234.1
2012-11-18 20:00:00,176.8
2012-11-18 21:00:00,147.1
2012-11-18 22:00:00,100.4
2012-11-18 23:00:00,72.3
2012-11-19 00:00:00,35.5
2012-11-19 01:00:00,25.9
2012-11-19 02:00:00,5.7
2012-11-19 03:00:00,5.9
2012-11-19 04:00:00,6.9
2012-11-19 05:00:00,32.0
2012-11-19 06:00:00,129.0
2012-11-19 07:00:00,339.4
2012-11-19 08:00:00,570.2
2012-11-19 09:00:00,224.4
2012-11-19 10:00:00,158.03333333333336
2012-11-19 11:00:00,161.6
2012-11-19 12:00:00,207.4
2012-11-19 13:00:00,161.9
2012-11-19 14:00:00,161.5
2012-11-19 15:00:00,196.6
2012-11-19 16:00:00,321.2
2012-11-19 17:00:00,579.6
2012-11-19 18:00:00,553.6
2012-11-19 19:00:00,286.9
2012-11-19 20:00:00,227.65
2012-11-19 21:00:00,196.5
2012-11-19 22:00:00,144.6
2012-11-19 23:00:00,84.9
2012-12-16 00:00:00,91.9
2012-12-16 01:00:00,90.7
2012-12-16 02:00:00,66.4
2012-12-16 03:00:00,22.2
2012-12-16 04:00:00,13.4
2012-12-16 05:00:00,13.5
2012-12-16 06:00:00,23.8
2012-12-16 07:00:00,61.00666666666666
2012-12-16 08:00:00,120.6
2012-12-16 09:00:00,188.2
2012-12-16 10:00:00,270.2
2012-12-16 11:00:00,313.3
2012-12-16 12:00:00,388.2
2012-12-16 13:00:00,381.6
2012-12-16 14:00:00,324.7
2012-12-16 15:00:00,315.7
2012-12-16 16:00:00,289.3
2012-12-16 17:00:00,231.4
2012-12-16 18:00:00,163.8
2012-12-16 19:00:00,263.1
2012-12-16 20:00:00,157.3
2012-12-16 21:00:00,149.4
2012-12-16 22:00:00,98.2
2012-12-16 23:00:00,75.9
2012-12-17 00:00:00,22.7
2012-12-17 01:00:00,9.2
2012-12-17 02:00:00,5.0
2012-12-17 03:00:00,7.4
2012-12-17 04:00:00,5.1
2012-12-17 05:00:00,25.4
2012-12-17 06:00:00,118.4
2012-12-17 07:00:00,316.9
2012-12-17 08:00:00,509.5
2012-12-17 09:00:00,247.7
2012-12-17 10:00:00,118.7
2012-12-17 11:00:00,144.7
2012-12-17 12:00:00,198.2
2012-12-17 13:00:00,151.4
2012-12-17 14:00:00,193.4
2012-12-17 15:00:00,156.0
2012-12-17 16:00:00,45.9
2012-12-17 17:00:00,386.8
2012-12-17 18:00:00,384.5
2012-12-17 19:00:00,310.9
2012-12-17 20:00:00,199.9
2012-12-17 21:00:00,175.6
2012-12-17 22:00:00,113.1
2012-12-17 23:00:00,95.3
2012-12-18 00:00:00,25.7
2012-12-18 01:00:00,24.0
2012-12-18 02:00:00,10.0
2012-12-18 03:00:00,5.1
2012-12-18 04:00:00,8.4
2012-12-18 05:00:00,27.4
2012-12-18 06:00:00,113.0
2012-12-18 07:00:00,318.1
2012-12-18 08:00:00,541.52
2012-12-18 09:00:00,278.8
2012-12-18 10:00:00,144.5
2012-12-18 11:00:00,157.2
2012-12-18 12:00:00,176.1
2012-12-18 13:00:00,223.2
2012-12-18 14:00:00,162.1
2012-12-18 15:00:00,243.6
2012-12-18 16:00:00,290.9
2012-12-18 17:00:00,539.2
2012-12-18 18:00:00,563.9
2012-12-18 19:00:00,387.4
2012-12-18 20:00:00,208.9
2012-12-18 21:00:00,141.1
2012-12-18 22:00:00,120.3
2012-12-18 23:00:00,87.0
2012-12-19 00:00:00,34.7
2012-12-19 01:00:00,16.9
2012-12-19 02:00:00,6.0
2012-12-19 03:00:00,5.5
2012-12-19 04:00:00,8.4
2012-12-19 05:00:00,28.2
2012-12-19 06:00:00,81.4
2012-12-19 07:00:00,238.7
2012-12-19 08:00:00,401.2
2012-12-19 09:00:00,256.6
2012-12-19 10:00:00,128.2
2012-12-19 11:00:00,125.6
2012-12-19 12:00:00,198.7
2012-12-19 13:00:00,182.1
2012-12-19 14:00:00,168.1
2012-12-19 15:00:00,213.6
2012-12-19 16:00:00,342.6
2012-12-19 17:00:00,566.1
2012-12-19 18:00:00,550.9
2012-12-19 19:00:00,386.9
2012-12-19 20:00:00,218.2
2012-12-19 21:00:00,137.7
2012-12-19 22:00:00,143.9
2012-12-19 23:00:00,109.5
